<?xml version="1.0" encoding="UTF-8"?><idempiere Name="CalendarEvents" Version="1" idempiereVersion="" DataBaseVersion="" Description="" Author="" AuthorEmail="" CreatedDate="2019-11-06 10:42:24.153" UpdatedDate="2019-11-06 10:42:24.153" PackOutVersion="100" UpdateDictionary="false" Client="0-SYSTEM-System" AD_Client_UU="11237b53-9592-4af1-b3c5-afd216514b5d">
    <AD_Menu type="table">
        <SeqNo>999</SeqNo>
        <AD_Client_ID>0</AD_Client_ID>
        <AD_Org_ID>0</AD_Org_ID>
        <Name>Calendar Events</Name>
        <Description/>
        <Action/>
        <AD_Window_ID reference="id"/>
        <AD_Workflow_ID reference="id"/>
        <AD_Task_ID reference="id"/>
        <IsActive>Y</IsActive>
        <IsSummary>Y</IsSummary>
        <AD_Process_ID reference="id"/>
        <IsSOTrx>N</IsSOTrx>
        <AD_Form_ID reference="id"/>
        <IsReadOnly>N</IsReadOnly>
        <EntityType>U</EntityType>
        <IsCentrallyMaintained>Y</IsCentrallyMaintained>
        <AD_Menu_UU>72e4f4cd-a957-4736-8af7-6fb43582fd57</AD_Menu_UU>
        <AD_InfoWindow_ID reference="id"/>
        <AD_Menu type="table">
            <Parent_ID reference="uuid" reference-key="AD_Menu">72e4f4cd-a957-4736-8af7-6fb43582fd57</Parent_ID>
            <SeqNo>999</SeqNo>
            <AD_Client_ID>0</AD_Client_ID>
            <AD_Org_ID>0</AD_Org_ID>
            <Name>Register Events</Name>
            <Description/>
            <Action>W</Action>
            <AD_Window_ID reference="uuid" reference-key="AD_Window">5641417b-b271-4e77-a1c5-4d0a0b8a58bb</AD_Window_ID>
            <AD_Workflow_ID reference="id"/>
            <AD_Task_ID reference="id"/>
            <IsActive>Y</IsActive>
            <IsSummary>N</IsSummary>
            <AD_Process_ID reference="id"/>
            <IsSOTrx>N</IsSOTrx>
            <AD_Form_ID reference="id"/>
            <IsReadOnly>N</IsReadOnly>
            <EntityType>U</EntityType>
            <IsCentrallyMaintained>Y</IsCentrallyMaintained>
            <AD_Menu_UU>a4490e8d-2092-42a8-83b2-ed078a54971a</AD_Menu_UU>
            <AD_InfoWindow_ID reference="id"/>
            <AD_Window type="table">
                <AD_Client_ID>0</AD_Client_ID>
                <AD_Org_ID>0</AD_Org_ID>
                <Name>Register Events</Name>
                <Description/>
                <Help/>
                <IsActive>Y</IsActive>
                <WindowType>M</WindowType>
                <Processing>N</Processing>
                <AD_Color_ID reference="id"/>
                <AD_Image_ID reference="id"/>
                <EntityType>U</EntityType>
                <IsSOTrx>Y</IsSOTrx>
                <IsDefault>N</IsDefault>
                <WinHeight/>
                <WinWidth/>
                <IsBetaFunctionality>N</IsBetaFunctionality>
                <AD_Window_UU>5641417b-b271-4e77-a1c5-4d0a0b8a58bb</AD_Window_UU>
                <TitleLogic/>
                <AD_Table type="table">
                    <AD_Client_ID>0</AD_Client_ID>
                    <AD_Org_ID>0</AD_Org_ID>
                    <Name>RegisterEvents</Name>
                    <Description/>
                    <Help/>
                    <AD_Window_ID reference="uuid" reference-key="AD_Window">5641417b-b271-4e77-a1c5-4d0a0b8a58bb</AD_Window_ID>
                    <AD_Val_Rule_ID reference="id"/>
                    <TableName>CE_RegisterEvents</TableName>
                    <LoadSeq/>
                    <AccessLevel>3</AccessLevel>
                    <IsActive>Y</IsActive>
                    <IsSecurityEnabled>N</IsSecurityEnabled>
                    <IsDeleteable>Y</IsDeleteable>
                    <IsHighVolume>N</IsHighVolume>
                    <IsView>N</IsView>
                    <EntityType>U</EntityType>
                    <ImportTable/>
                    <IsChangeLog>N</IsChangeLog>
                    <ReplicationType>L</ReplicationType>
                    <PO_Window_ID reference="id"/>
                    <CopyColumnsFromTable/>
                    <IsCentrallyMaintained>Y</IsCentrallyMaintained>
                    <AD_Table_UU>260c99cc-950e-4a30-be1b-40ac83c0b6e8</AD_Table_UU>
                    <Processing>N</Processing>
                    <DatabaseViewDrop/>
                    <CopyComponentsFromView/>
                    <AD_Element type="table">
                        <AD_Client_ID>0</AD_Client_ID>
                        <AD_Org_ID>0</AD_Org_ID>
                        <IsActive>Y</IsActive>
                        <ColumnName>CE_RegisterEvents_ID</ColumnName>
                        <Name>RegisterEvents</Name>
                        <Description/>
                        <Help/>
                        <PrintName>RegisterEvents</PrintName>
                        <PO_Description/>
                        <PO_Help/>
                        <PO_Name/>
                        <PO_PrintName/>
                        <EntityType>U</EntityType>
                        <AD_Element_UU>a01aba81-200f-4b4b-8d8e-6bc716685e10</AD_Element_UU>
                        <Placeholder/>
                    </AD_Element>
                    <AD_Column type="table">
                        <IsSyncDatabase>Y</IsSyncDatabase>
                        <AD_Table_ID reference="uuid" reference-key="AD_Table">260c99cc-950e-4a30-be1b-40ac83c0b6e8</AD_Table_ID>
                        <AD_Reference_Value_ID reference="id"/>
                        <AD_Client_ID>0</AD_Client_ID>
                        <AD_Org_ID>0</AD_Org_ID>
                        <Version>0.0</Version>
                        <Name>RegisterEvents</Name>
                        <Description/>
                        <Help/>
                        <AD_Val_Rule_ID reference="id"/>
                        <ColumnName>CE_RegisterEvents_ID</ColumnName>
                        <DefaultValue/>
                        <FieldLength>22</FieldLength>
                        <IsKey>Y</IsKey>
                        <IsParent>N</IsParent>
                        <IsMandatory>Y</IsMandatory>
                        <IsTranslated>N</IsTranslated>
                        <IsIdentifier>N</IsIdentifier>
                        <SeqNo/>
                        <IsEncrypted>N</IsEncrypted>
                        <AD_Reference_ID reference="id">13</AD_Reference_ID>
                        <IsActive>Y</IsActive>
                        <VFormat/>
                        <Callout/>
                        <AD_Element_ID reference="uuid" reference-key="AD_Element">a01aba81-200f-4b4b-8d8e-6bc716685e10</AD_Element_ID>
                        <IsUpdateable>N</IsUpdateable>
                        <AD_Process_ID reference="id"/>
                        <ValueMin/>
                        <ValueMax/>
                        <IsSelectionColumn>N</IsSelectionColumn>
                        <ReadOnlyLogic/>
                        <EntityType>XX</EntityType>
                        <IsAlwaysUpdateable>N</IsAlwaysUpdateable>
                        <ColumnSQL/>
                        <MandatoryLogic/>
                        <IsAutocomplete>N</IsAutocomplete>
                        <IsAllowLogging>Y</IsAllowLogging>
                        <FormatPattern/>
                        <AD_Chart_ID reference="id"/>
                        <AD_Column_UU>a83ce6c3-2a97-4e19-967e-987f275d026f</AD_Column_UU>
                        <IsAllowCopy>Y</IsAllowCopy>
                        <SeqNoSelection/>
                        <IsToolbarButton>N</IsToolbarButton>
                        <IsSecure>N</IsSecure>
                        <FKConstraintName/>
                        <FKConstraintType>N</FKConstraintType>
                        <PA_DashboardContent_ID reference="id"/>
                        <Placeholder/>
                        <IsHtml>N</IsHtml>
                    </AD_Column>
                    <AD_Column type="table">
                        <IsSyncDatabase>Y</IsSyncDatabase>
                        <AD_Table_ID reference="uuid" reference-key="AD_Table">260c99cc-950e-4a30-be1b-40ac83c0b6e8</AD_Table_ID>
                        <AD_Reference_Value_ID reference="id"/>
                        <AD_Client_ID>0</AD_Client_ID>
                        <AD_Org_ID>0</AD_Org_ID>
                        <Version>1</Version>
                        <Name>Updated</Name>
                        <Description/>
                        <Help/>
                        <AD_Val_Rule_ID reference="id"/>
                        <ColumnName>Updated</ColumnName>
                        <DefaultValue>SYSDATE</DefaultValue>
                        <FieldLength>7</FieldLength>
                        <IsKey>N</IsKey>
                        <IsParent>N</IsParent>
                        <IsMandatory>Y</IsMandatory>
                        <IsTranslated>N</IsTranslated>
                        <IsIdentifier>N</IsIdentifier>
                        <SeqNo/>
                        <IsEncrypted>N</IsEncrypted>
                        <AD_Reference_ID reference="id">16</AD_Reference_ID>
                        <IsActive>Y</IsActive>
                        <VFormat/>
                        <Callout/>
                        <AD_Element_ID reference="id">607</AD_Element_ID>
                        <IsUpdateable>N</IsUpdateable>
                        <AD_Process_ID reference="id"/>
                        <ValueMin/>
                        <ValueMax/>
                        <IsSelectionColumn>N</IsSelectionColumn>
                        <ReadOnlyLogic/>
                        <EntityType>U</EntityType>
                        <IsAlwaysUpdateable>N</IsAlwaysUpdateable>
                        <ColumnSQL/>
                        <MandatoryLogic/>
                        <IsAutocomplete>N</IsAutocomplete>
                        <IsAllowLogging>Y</IsAllowLogging>
                        <FormatPattern/>
                        <AD_Chart_ID reference="id"/>
                        <AD_Column_UU>6d9e06df-1bbf-453b-8fa2-a278707b8f96</AD_Column_UU>
                        <IsAllowCopy>N</IsAllowCopy>
                        <SeqNoSelection/>
                        <IsToolbarButton>N</IsToolbarButton>
                        <IsSecure>N</IsSecure>
                        <FKConstraintName/>
                        <FKConstraintType>N</FKConstraintType>
                        <PA_DashboardContent_ID reference="id"/>
                        <Placeholder/>
                        <IsHtml>N</IsHtml>
                    </AD_Column>
                    <AD_Column type="table">
                        <IsSyncDatabase>Y</IsSyncDatabase>
                        <AD_Table_ID reference="uuid" reference-key="AD_Table">260c99cc-950e-4a30-be1b-40ac83c0b6e8</AD_Table_ID>
                        <AD_Reference_Value_ID reference="id"/>
                        <AD_Client_ID>0</AD_Client_ID>
                        <AD_Org_ID>0</AD_Org_ID>
                        <Version>1</Version>
                        <Name>Organization</Name>
                        <Description/>
                        <Help/>
                        <AD_Val_Rule_ID reference="id">104</AD_Val_Rule_ID>
                        <ColumnName>AD_Org_ID</ColumnName>
                        <DefaultValue>@#AD_Org_ID@</DefaultValue>
                        <FieldLength>22</FieldLength>
                        <IsKey>N</IsKey>
                        <IsParent>N</IsParent>
                        <IsMandatory>Y</IsMandatory>
                        <IsTranslated>N</IsTranslated>
                        <IsIdentifier>N</IsIdentifier>
                        <SeqNo/>
                        <IsEncrypted>N</IsEncrypted>
                        <AD_Reference_ID reference="id">19</AD_Reference_ID>
                        <IsActive>Y</IsActive>
                        <VFormat/>
                        <Callout/>
                        <AD_Element_ID reference="id">113</AD_Element_ID>
                        <IsUpdateable>N</IsUpdateable>
                        <AD_Process_ID reference="id"/>
                        <ValueMin/>
                        <ValueMax/>
                        <IsSelectionColumn>N</IsSelectionColumn>
                        <ReadOnlyLogic/>
                        <EntityType>U</EntityType>
                        <IsAlwaysUpdateable>N</IsAlwaysUpdateable>
                        <ColumnSQL/>
                        <MandatoryLogic/>
                        <IsAutocomplete>N</IsAutocomplete>
                        <IsAllowLogging>Y</IsAllowLogging>
                        <FormatPattern/>
                        <AD_Chart_ID reference="id"/>
                        <AD_Column_UU>ffc5734f-83ac-454a-8555-a3824e86b956</AD_Column_UU>
                        <IsAllowCopy>N</IsAllowCopy>
                        <SeqNoSelection/>
                        <IsToolbarButton>N</IsToolbarButton>
                        <IsSecure>N</IsSecure>
                        <FKConstraintName/>
                        <FKConstraintType>N</FKConstraintType>
                        <PA_DashboardContent_ID reference="id"/>
                        <Placeholder/>
                        <IsHtml>N</IsHtml>
                    </AD_Column>
                    <AD_Column type="table">
                        <IsSyncDatabase>Y</IsSyncDatabase>
                        <AD_Table_ID reference="uuid" reference-key="AD_Table">260c99cc-950e-4a30-be1b-40ac83c0b6e8</AD_Table_ID>
                        <AD_Reference_Value_ID reference="id"/>
                        <AD_Client_ID>0</AD_Client_ID>
                        <AD_Org_ID>0</AD_Org_ID>
                        <Version>1</Version>
                        <Name>Active</Name>
                        <Description/>
                        <Help/>
                        <AD_Val_Rule_ID reference="id"/>
                        <ColumnName>IsActive</ColumnName>
                        <DefaultValue>Y</DefaultValue>
                        <FieldLength>1</FieldLength>
                        <IsKey>N</IsKey>
                        <IsParent>N</IsParent>
                        <IsMandatory>Y</IsMandatory>
                        <IsTranslated>N</IsTranslated>
                        <IsIdentifier>N</IsIdentifier>
                        <SeqNo/>
                        <IsEncrypted>N</IsEncrypted>
                        <AD_Reference_ID reference="id">20</AD_Reference_ID>
                        <IsActive>Y</IsActive>
                        <VFormat/>
                        <Callout/>
                        <AD_Element_ID reference="id">348</AD_Element_ID>
                        <IsUpdateable>Y</IsUpdateable>
                        <AD_Process_ID reference="id"/>
                        <ValueMin/>
                        <ValueMax/>
                        <IsSelectionColumn>N</IsSelectionColumn>
                        <ReadOnlyLogic/>
                        <EntityType>U</EntityType>
                        <IsAlwaysUpdateable>N</IsAlwaysUpdateable>
                        <ColumnSQL/>
                        <MandatoryLogic/>
                        <IsAutocomplete>N</IsAutocomplete>
                        <IsAllowLogging>Y</IsAllowLogging>
                        <FormatPattern/>
                        <AD_Chart_ID reference="id"/>
                        <AD_Column_UU>72236b92-3fda-43a3-89e9-3187c540de27</AD_Column_UU>
                        <IsAllowCopy>N</IsAllowCopy>
                        <SeqNoSelection/>
                        <IsToolbarButton>N</IsToolbarButton>
                        <IsSecure>N</IsSecure>
                        <FKConstraintName/>
                        <FKConstraintType>N</FKConstraintType>
                        <PA_DashboardContent_ID reference="id"/>
                        <Placeholder/>
                        <IsHtml>N</IsHtml>
                    </AD_Column>
                    <AD_Column type="table">
                        <IsSyncDatabase>Y</IsSyncDatabase>
                        <AD_Table_ID reference="uuid" reference-key="AD_Table">260c99cc-950e-4a30-be1b-40ac83c0b6e8</AD_Table_ID>
                        <AD_Reference_Value_ID reference="id"/>
                        <AD_Client_ID>0</AD_Client_ID>
                        <AD_Org_ID>0</AD_Org_ID>
                        <Version>1</Version>
                        <Name>Client</Name>
                        <Description/>
                        <Help/>
                        <AD_Val_Rule_ID reference="id">129</AD_Val_Rule_ID>
                        <ColumnName>AD_Client_ID</ColumnName>
                        <DefaultValue>@#AD_Client_ID@</DefaultValue>
                        <FieldLength>22</FieldLength>
                        <IsKey>N</IsKey>
                        <IsParent>N</IsParent>
                        <IsMandatory>Y</IsMandatory>
                        <IsTranslated>N</IsTranslated>
                        <IsIdentifier>N</IsIdentifier>
                        <SeqNo/>
                        <IsEncrypted>N</IsEncrypted>
                        <AD_Reference_ID reference="id">19</AD_Reference_ID>
                        <IsActive>Y</IsActive>
                        <VFormat/>
                        <Callout/>
                        <AD_Element_ID reference="id">102</AD_Element_ID>
                        <IsUpdateable>N</IsUpdateable>
                        <AD_Process_ID reference="id"/>
                        <ValueMin/>
                        <ValueMax/>
                        <IsSelectionColumn>N</IsSelectionColumn>
                        <ReadOnlyLogic/>
                        <EntityType>U</EntityType>
                        <IsAlwaysUpdateable>N</IsAlwaysUpdateable>
                        <ColumnSQL/>
                        <MandatoryLogic/>
                        <IsAutocomplete>N</IsAutocomplete>
                        <IsAllowLogging>Y</IsAllowLogging>
                        <FormatPattern/>
                        <AD_Chart_ID reference="id"/>
                        <AD_Column_UU>7e19daee-ba24-48f7-a8c5-d23c7db6c153</AD_Column_UU>
                        <IsAllowCopy>N</IsAllowCopy>
                        <SeqNoSelection/>
                        <IsToolbarButton>N</IsToolbarButton>
                        <IsSecure>N</IsSecure>
                        <FKConstraintName/>
                        <FKConstraintType>N</FKConstraintType>
                        <PA_DashboardContent_ID reference="id"/>
                        <Placeholder/>
                        <IsHtml>N</IsHtml>
                    </AD_Column>
                    <AD_Column type="table">
                        <IsSyncDatabase>Y</IsSyncDatabase>
                        <AD_Table_ID reference="uuid" reference-key="AD_Table">260c99cc-950e-4a30-be1b-40ac83c0b6e8</AD_Table_ID>
                        <AD_Reference_Value_ID reference="id"/>
                        <AD_Client_ID>0</AD_Client_ID>
                        <AD_Org_ID>0</AD_Org_ID>
                        <Version>1</Version>
                        <Name>Created</Name>
                        <Description/>
                        <Help/>
                        <AD_Val_Rule_ID reference="id"/>
                        <ColumnName>Created</ColumnName>
                        <DefaultValue>SYSDATE</DefaultValue>
                        <FieldLength>7</FieldLength>
                        <IsKey>N</IsKey>
                        <IsParent>N</IsParent>
                        <IsMandatory>Y</IsMandatory>
                        <IsTranslated>N</IsTranslated>
                        <IsIdentifier>N</IsIdentifier>
                        <SeqNo/>
                        <IsEncrypted>N</IsEncrypted>
                        <AD_Reference_ID reference="id">16</AD_Reference_ID>
                        <IsActive>Y</IsActive>
                        <VFormat/>
                        <Callout/>
                        <AD_Element_ID reference="id">245</AD_Element_ID>
                        <IsUpdateable>N</IsUpdateable>
                        <AD_Process_ID reference="id"/>
                        <ValueMin/>
                        <ValueMax/>
                        <IsSelectionColumn>N</IsSelectionColumn>
                        <ReadOnlyLogic/>
                        <EntityType>U</EntityType>
                        <IsAlwaysUpdateable>N</IsAlwaysUpdateable>
                        <ColumnSQL/>
                        <MandatoryLogic/>
                        <IsAutocomplete>N</IsAutocomplete>
                        <IsAllowLogging>Y</IsAllowLogging>
                        <FormatPattern/>
                        <AD_Chart_ID reference="id"/>
                        <AD_Column_UU>5039d4df-b910-4794-9bbc-30ba6f0d1163</AD_Column_UU>
                        <IsAllowCopy>N</IsAllowCopy>
                        <SeqNoSelection/>
                        <IsToolbarButton>N</IsToolbarButton>
                        <IsSecure>N</IsSecure>
                        <FKConstraintName/>
                        <FKConstraintType>N</FKConstraintType>
                        <PA_DashboardContent_ID reference="id"/>
                        <Placeholder/>
                        <IsHtml>N</IsHtml>
                    </AD_Column>
                    <AD_Column type="table">
                        <IsSyncDatabase>Y</IsSyncDatabase>
                        <AD_Table_ID reference="uuid" reference-key="AD_Table">260c99cc-950e-4a30-be1b-40ac83c0b6e8</AD_Table_ID>
                        <AD_Reference_Value_ID reference="id">110</AD_Reference_Value_ID>
                        <AD_Client_ID>0</AD_Client_ID>
                        <AD_Org_ID>0</AD_Org_ID>
                        <Version>1</Version>
                        <Name>Created By</Name>
                        <Description/>
                        <Help/>
                        <AD_Val_Rule_ID reference="id"/>
                        <ColumnName>CreatedBy</ColumnName>
                        <DefaultValue/>
                        <FieldLength>22</FieldLength>
                        <IsKey>N</IsKey>
                        <IsParent>N</IsParent>
                        <IsMandatory>Y</IsMandatory>
                        <IsTranslated>N</IsTranslated>
                        <IsIdentifier>N</IsIdentifier>
                        <SeqNo/>
                        <IsEncrypted>N</IsEncrypted>
                        <AD_Reference_ID reference="id">18</AD_Reference_ID>
                        <IsActive>Y</IsActive>
                        <VFormat/>
                        <Callout/>
                        <AD_Element_ID reference="id">246</AD_Element_ID>
                        <IsUpdateable>N</IsUpdateable>
                        <AD_Process_ID reference="id"/>
                        <ValueMin/>
                        <ValueMax/>
                        <IsSelectionColumn>N</IsSelectionColumn>
                        <ReadOnlyLogic/>
                        <EntityType>U</EntityType>
                        <IsAlwaysUpdateable>N</IsAlwaysUpdateable>
                        <ColumnSQL/>
                        <MandatoryLogic/>
                        <IsAutocomplete>N</IsAutocomplete>
                        <IsAllowLogging>Y</IsAllowLogging>
                        <FormatPattern/>
                        <AD_Chart_ID reference="id"/>
                        <AD_Column_UU>9f3b62d1-2a7b-4f73-8b80-16dd87471253</AD_Column_UU>
                        <IsAllowCopy>N</IsAllowCopy>
                        <SeqNoSelection/>
                        <IsToolbarButton>N</IsToolbarButton>
                        <IsSecure>N</IsSecure>
                        <FKConstraintName/>
                        <FKConstraintType>D</FKConstraintType>
                        <PA_DashboardContent_ID reference="id"/>
                        <Placeholder/>
                        <IsHtml>N</IsHtml>
                    </AD_Column>
                    <AD_Column type="table">
                        <IsSyncDatabase>Y</IsSyncDatabase>
                        <AD_Table_ID reference="uuid" reference-key="AD_Table">260c99cc-950e-4a30-be1b-40ac83c0b6e8</AD_Table_ID>
                        <AD_Reference_Value_ID reference="id">110</AD_Reference_Value_ID>
                        <AD_Client_ID>0</AD_Client_ID>
                        <AD_Org_ID>0</AD_Org_ID>
                        <Version>1</Version>
                        <Name>Updated By</Name>
                        <Description/>
                        <Help/>
                        <AD_Val_Rule_ID reference="id"/>
                        <ColumnName>UpdatedBy</ColumnName>
                        <DefaultValue/>
                        <FieldLength>22</FieldLength>
                        <IsKey>N</IsKey>
                        <IsParent>N</IsParent>
                        <IsMandatory>Y</IsMandatory>
                        <IsTranslated>N</IsTranslated>
                        <IsIdentifier>N</IsIdentifier>
                        <SeqNo/>
                        <IsEncrypted>N</IsEncrypted>
                        <AD_Reference_ID reference="id">18</AD_Reference_ID>
                        <IsActive>Y</IsActive>
                        <VFormat/>
                        <Callout/>
                        <AD_Element_ID reference="id">608</AD_Element_ID>
                        <IsUpdateable>N</IsUpdateable>
                        <AD_Process_ID reference="id"/>
                        <ValueMin/>
                        <ValueMax/>
                        <IsSelectionColumn>N</IsSelectionColumn>
                        <ReadOnlyLogic/>
                        <EntityType>U</EntityType>
                        <IsAlwaysUpdateable>N</IsAlwaysUpdateable>
                        <ColumnSQL/>
                        <MandatoryLogic/>
                        <IsAutocomplete>N</IsAutocomplete>
                        <IsAllowLogging>Y</IsAllowLogging>
                        <FormatPattern/>
                        <AD_Chart_ID reference="id"/>
                        <AD_Column_UU>0cc21eb2-2f46-47ca-a241-459272d0f830</AD_Column_UU>
                        <IsAllowCopy>N</IsAllowCopy>
                        <SeqNoSelection/>
                        <IsToolbarButton>N</IsToolbarButton>
                        <IsSecure>N</IsSecure>
                        <FKConstraintName/>
                        <FKConstraintType>D</FKConstraintType>
                        <PA_DashboardContent_ID reference="id"/>
                        <Placeholder/>
                        <IsHtml>N</IsHtml>
                    </AD_Column>
                    <AD_Column type="table">
                        <IsSyncDatabase>Y</IsSyncDatabase>
                        <AD_Table_ID reference="uuid" reference-key="AD_Table">260c99cc-950e-4a30-be1b-40ac83c0b6e8</AD_Table_ID>
                        <AD_Reference_Value_ID reference="id"/>
                        <AD_Client_ID>0</AD_Client_ID>
                        <AD_Org_ID>0</AD_Org_ID>
                        <Version>0.0</Version>
                        <Name>Table</Name>
                        <Description>Database Table information</Description>
                        <Help>The Database Table provides the information of the table definition</Help>
                        <AD_Val_Rule_ID reference="id"/>
                        <ColumnName>AD_Table_ID</ColumnName>
                        <DefaultValue/>
                        <FieldLength>10</FieldLength>
                        <IsKey>N</IsKey>
                        <IsParent>N</IsParent>
                        <IsMandatory>N</IsMandatory>
                        <IsTranslated>N</IsTranslated>
                        <IsIdentifier>N</IsIdentifier>
                        <SeqNo/>
                        <IsEncrypted>N</IsEncrypted>
                        <AD_Reference_ID reference="id">19</AD_Reference_ID>
                        <IsActive>Y</IsActive>
                        <VFormat/>
                        <Callout/>
                        <AD_Element_ID reference="id">126</AD_Element_ID>
                        <IsUpdateable>Y</IsUpdateable>
                        <AD_Process_ID reference="id"/>
                        <ValueMin/>
                        <ValueMax/>
                        <IsSelectionColumn>N</IsSelectionColumn>
                        <ReadOnlyLogic/>
                        <EntityType>XX</EntityType>
                        <IsAlwaysUpdateable>N</IsAlwaysUpdateable>
                        <ColumnSQL/>
                        <MandatoryLogic/>
                        <IsAutocomplete>N</IsAutocomplete>
                        <IsAllowLogging>Y</IsAllowLogging>
                        <FormatPattern/>
                        <AD_Chart_ID reference="id"/>
                        <AD_Column_UU>ab0a9bef-5c25-4dc6-a149-a6f443d41e68</AD_Column_UU>
                        <IsAllowCopy>Y</IsAllowCopy>
                        <SeqNoSelection/>
                        <IsToolbarButton>N</IsToolbarButton>
                        <IsSecure>N</IsSecure>
                        <FKConstraintName/>
                        <FKConstraintType>N</FKConstraintType>
                        <PA_DashboardContent_ID reference="id"/>
                        <Placeholder/>
                        <IsHtml>N</IsHtml>
                    </AD_Column>
                    <AD_Column type="table">
                        <IsSyncDatabase>Y</IsSyncDatabase>
                        <AD_Table_ID reference="uuid" reference-key="AD_Table">260c99cc-950e-4a30-be1b-40ac83c0b6e8</AD_Table_ID>
                        <AD_Reference_Value_ID reference="id"/>
                        <AD_Client_ID>0</AD_Client_ID>
                        <AD_Org_ID>0</AD_Org_ID>
                        <Version>0.0</Version>
                        <Name>Document Type</Name>
                        <Description>Document type or rules</Description>
                        <Help>The Document Type determines document sequence and processing rules</Help>
                        <AD_Val_Rule_ID reference="id"/>
                        <ColumnName>C_DocType_ID</ColumnName>
                        <DefaultValue/>
                        <FieldLength>22</FieldLength>
                        <IsKey>N</IsKey>
                        <IsParent>N</IsParent>
                        <IsMandatory>N</IsMandatory>
                        <IsTranslated>N</IsTranslated>
                        <IsIdentifier>N</IsIdentifier>
                        <SeqNo/>
                        <IsEncrypted>N</IsEncrypted>
                        <AD_Reference_ID reference="id">19</AD_Reference_ID>
                        <IsActive>Y</IsActive>
                        <VFormat/>
                        <Callout/>
                        <AD_Element_ID reference="id">196</AD_Element_ID>
                        <IsUpdateable>Y</IsUpdateable>
                        <AD_Process_ID reference="id"/>
                        <ValueMin/>
                        <ValueMax/>
                        <IsSelectionColumn>N</IsSelectionColumn>
                        <ReadOnlyLogic/>
                        <EntityType>XX</EntityType>
                        <IsAlwaysUpdateable>N</IsAlwaysUpdateable>
                        <ColumnSQL/>
                        <MandatoryLogic/>
                        <IsAutocomplete>N</IsAutocomplete>
                        <IsAllowLogging>Y</IsAllowLogging>
                        <FormatPattern/>
                        <AD_Chart_ID reference="id"/>
                        <AD_Column_UU>8df52c26-728a-464b-b15d-ca69e04ca080</AD_Column_UU>
                        <IsAllowCopy>Y</IsAllowCopy>
                        <SeqNoSelection/>
                        <IsToolbarButton>N</IsToolbarButton>
                        <IsSecure>N</IsSecure>
                        <FKConstraintName/>
                        <FKConstraintType>N</FKConstraintType>
                        <PA_DashboardContent_ID reference="id"/>
                        <Placeholder/>
                        <IsHtml>N</IsHtml>
                    </AD_Column>
                    <AD_Column type="table">
                        <IsSyncDatabase>Y</IsSyncDatabase>
                        <AD_Table_ID reference="uuid" reference-key="AD_Table">260c99cc-950e-4a30-be1b-40ac83c0b6e8</AD_Table_ID>
                        <AD_Reference_Value_ID reference="id">131</AD_Reference_Value_ID>
                        <AD_Client_ID>0</AD_Client_ID>
                        <AD_Org_ID>0</AD_Org_ID>
                        <Version>0.0</Version>
                        <Name>Document Status</Name>
                        <Description>The current status of the document</Description>
                        <Help>The Document Status indicates the status of a document at this time.  If you want to change the document status, use the Document Action field</Help>
                        <AD_Val_Rule_ID reference="id"/>
                        <ColumnName>DocStatus</ColumnName>
                        <DefaultValue>DR</DefaultValue>
                        <FieldLength>2</FieldLength>
                        <IsKey>N</IsKey>
                        <IsParent>N</IsParent>
                        <IsMandatory>N</IsMandatory>
                        <IsTranslated>N</IsTranslated>
                        <IsIdentifier>N</IsIdentifier>
                        <SeqNo/>
                        <IsEncrypted>N</IsEncrypted>
                        <AD_Reference_ID reference="id">17</AD_Reference_ID>
                        <IsActive>Y</IsActive>
                        <VFormat/>
                        <Callout/>
                        <AD_Element_ID reference="id">289</AD_Element_ID>
                        <IsUpdateable>Y</IsUpdateable>
                        <AD_Process_ID reference="id"/>
                        <ValueMin/>
                        <ValueMax/>
                        <IsSelectionColumn>N</IsSelectionColumn>
                        <ReadOnlyLogic/>
                        <EntityType>XX</EntityType>
                        <IsAlwaysUpdateable>N</IsAlwaysUpdateable>
                        <ColumnSQL/>
                        <MandatoryLogic/>
                        <IsAutocomplete>N</IsAutocomplete>
                        <IsAllowLogging>Y</IsAllowLogging>
                        <FormatPattern/>
                        <AD_Chart_ID reference="id"/>
                        <AD_Column_UU>bb729670-3b81-4571-b014-55e418f4b6ba</AD_Column_UU>
                        <IsAllowCopy>Y</IsAllowCopy>
                        <SeqNoSelection/>
                        <IsToolbarButton>N</IsToolbarButton>
                        <IsSecure>N</IsSecure>
                        <FKConstraintName/>
                        <FKConstraintType>N</FKConstraintType>
                        <PA_DashboardContent_ID reference="id"/>
                        <Placeholder/>
                        <IsHtml>N</IsHtml>
                    </AD_Column>
                    <AD_Column type="table">
                        <IsSyncDatabase>Y</IsSyncDatabase>
                        <AD_Table_ID reference="uuid" reference-key="AD_Table">260c99cc-950e-4a30-be1b-40ac83c0b6e8</AD_Table_ID>
                        <AD_Reference_Value_ID reference="id"/>
                        <AD_Client_ID>0</AD_Client_ID>
                        <AD_Org_ID>0</AD_Org_ID>
                        <Version>0.0</Version>
                        <Name>Description</Name>
                        <Description>Optional short description of the record</Description>
                        <Help>A description is limited to 255 characters.</Help>
                        <AD_Val_Rule_ID reference="id"/>
                        <ColumnName>Description</ColumnName>
                        <DefaultValue/>
                        <FieldLength>255</FieldLength>
                        <IsKey>N</IsKey>
                        <IsParent>N</IsParent>
                        <IsMandatory>N</IsMandatory>
                        <IsTranslated>N</IsTranslated>
                        <IsIdentifier>N</IsIdentifier>
                        <SeqNo/>
                        <IsEncrypted>N</IsEncrypted>
                        <AD_Reference_ID reference="id">10</AD_Reference_ID>
                        <IsActive>Y</IsActive>
                        <VFormat/>
                        <Callout/>
                        <AD_Element_ID reference="id">275</AD_Element_ID>
                        <IsUpdateable>Y</IsUpdateable>
                        <AD_Process_ID reference="id"/>
                        <ValueMin/>
                        <ValueMax/>
                        <IsSelectionColumn>N</IsSelectionColumn>
                        <ReadOnlyLogic/>
                        <EntityType>XX</EntityType>
                        <IsAlwaysUpdateable>N</IsAlwaysUpdateable>
                        <ColumnSQL/>
                        <MandatoryLogic/>
                        <IsAutocomplete>N</IsAutocomplete>
                        <IsAllowLogging>Y</IsAllowLogging>
                        <FormatPattern/>
                        <AD_Chart_ID reference="id"/>
                        <AD_Column_UU>14374661-10c1-4076-8e54-b7b281b0a4dc</AD_Column_UU>
                        <IsAllowCopy>Y</IsAllowCopy>
                        <SeqNoSelection/>
                        <IsToolbarButton>N</IsToolbarButton>
                        <IsSecure>N</IsSecure>
                        <FKConstraintName/>
                        <FKConstraintType>N</FKConstraintType>
                        <PA_DashboardContent_ID reference="id"/>
                        <Placeholder/>
                        <IsHtml>N</IsHtml>
                    </AD_Column>
                    <AD_Column type="table">
                        <IsSyncDatabase>Y</IsSyncDatabase>
                        <AD_Table_ID reference="uuid" reference-key="AD_Table">260c99cc-950e-4a30-be1b-40ac83c0b6e8</AD_Table_ID>
                        <AD_Reference_Value_ID reference="id"/>
                        <AD_Client_ID>0</AD_Client_ID>
                        <AD_Org_ID>0</AD_Org_ID>
                        <Version>0.0</Version>
                        <Name>Processed</Name>
                        <Description>The document has been processed</Description>
                        <Help>The Processed checkbox indicates that a document has been processed.</Help>
                        <AD_Val_Rule_ID reference="id"/>
                        <ColumnName>Processed</ColumnName>
                        <DefaultValue/>
                        <FieldLength>1</FieldLength>
                        <IsKey>N</IsKey>
                        <IsParent>N</IsParent>
                        <IsMandatory>N</IsMandatory>
                        <IsTranslated>N</IsTranslated>
                        <IsIdentifier>N</IsIdentifier>
                        <SeqNo/>
                        <IsEncrypted>N</IsEncrypted>
                        <AD_Reference_ID reference="id">20</AD_Reference_ID>
                        <IsActive>Y</IsActive>
                        <VFormat/>
                        <Callout/>
                        <AD_Element_ID reference="id">1047</AD_Element_ID>
                        <IsUpdateable>Y</IsUpdateable>
                        <AD_Process_ID reference="id"/>
                        <ValueMin/>
                        <ValueMax/>
                        <IsSelectionColumn>N</IsSelectionColumn>
                        <ReadOnlyLogic/>
                        <EntityType>XX</EntityType>
                        <IsAlwaysUpdateable>N</IsAlwaysUpdateable>
                        <ColumnSQL/>
                        <MandatoryLogic/>
                        <IsAutocomplete>N</IsAutocomplete>
                        <IsAllowLogging>Y</IsAllowLogging>
                        <FormatPattern/>
                        <AD_Chart_ID reference="id"/>
                        <AD_Column_UU>ef5369b1-ee99-4fc5-bad1-fc7b0c3520cc</AD_Column_UU>
                        <IsAllowCopy>Y</IsAllowCopy>
                        <SeqNoSelection/>
                        <IsToolbarButton>N</IsToolbarButton>
                        <IsSecure>N</IsSecure>
                        <FKConstraintName/>
                        <FKConstraintType>N</FKConstraintType>
                        <PA_DashboardContent_ID reference="id"/>
                        <Placeholder/>
                        <IsHtml>N</IsHtml>
                    </AD_Column>
                    <AD_Column type="table">
                        <IsSyncDatabase>Y</IsSyncDatabase>
                        <AD_Table_ID reference="uuid" reference-key="AD_Table">260c99cc-950e-4a30-be1b-40ac83c0b6e8</AD_Table_ID>
                        <AD_Reference_Value_ID reference="id"/>
                        <AD_Client_ID>0</AD_Client_ID>
                        <AD_Org_ID>0</AD_Org_ID>
                        <Version>0.0</Version>
                        <Name>Business Partner </Name>
                        <Description>Identifies a Business Partner</Description>
                        <Help>A Business Partner is anyone with whom you transact.  This can include Vendor, Customer, Employee or Salesperson</Help>
                        <AD_Val_Rule_ID reference="id"/>
                        <ColumnName>C_BPartner_ID</ColumnName>
                        <DefaultValue/>
                        <FieldLength>22</FieldLength>
                        <IsKey>N</IsKey>
                        <IsParent>N</IsParent>
                        <IsMandatory>N</IsMandatory>
                        <IsTranslated>N</IsTranslated>
                        <IsIdentifier>N</IsIdentifier>
                        <SeqNo/>
                        <IsEncrypted>N</IsEncrypted>
                        <AD_Reference_ID reference="id">30</AD_Reference_ID>
                        <IsActive>Y</IsActive>
                        <VFormat/>
                        <Callout/>
                        <AD_Element_ID reference="id">187</AD_Element_ID>
                        <IsUpdateable>Y</IsUpdateable>
                        <AD_Process_ID reference="id"/>
                        <ValueMin/>
                        <ValueMax/>
                        <IsSelectionColumn>N</IsSelectionColumn>
                        <ReadOnlyLogic/>
                        <EntityType>XX</EntityType>
                        <IsAlwaysUpdateable>N</IsAlwaysUpdateable>
                        <ColumnSQL/>
                        <MandatoryLogic/>
                        <IsAutocomplete>N</IsAutocomplete>
                        <IsAllowLogging>Y</IsAllowLogging>
                        <FormatPattern/>
                        <AD_Chart_ID reference="id"/>
                        <AD_Column_UU>834c542a-19f2-4782-8959-5470a7c30b91</AD_Column_UU>
                        <IsAllowCopy>Y</IsAllowCopy>
                        <SeqNoSelection/>
                        <IsToolbarButton>N</IsToolbarButton>
                        <IsSecure>N</IsSecure>
                        <FKConstraintName/>
                        <FKConstraintType>N</FKConstraintType>
                        <PA_DashboardContent_ID reference="id"/>
                        <Placeholder/>
                        <IsHtml>N</IsHtml>
                    </AD_Column>
                    <AD_Column type="table">
                        <IsSyncDatabase>Y</IsSyncDatabase>
                        <AD_Table_ID reference="uuid" reference-key="AD_Table">260c99cc-950e-4a30-be1b-40ac83c0b6e8</AD_Table_ID>
                        <AD_Reference_Value_ID reference="id"/>
                        <AD_Client_ID>0</AD_Client_ID>
                        <AD_Org_ID>0</AD_Org_ID>
                        <Version>0.0</Version>
                        <Name>Project</Name>
                        <Description>Financial Project</Description>
                        <Help>A Project allows you to track and control internal or external activities.</Help>
                        <AD_Val_Rule_ID reference="id"/>
                        <ColumnName>C_Project_ID</ColumnName>
                        <DefaultValue/>
                        <FieldLength>10</FieldLength>
                        <IsKey>N</IsKey>
                        <IsParent>N</IsParent>
                        <IsMandatory>N</IsMandatory>
                        <IsTranslated>N</IsTranslated>
                        <IsIdentifier>N</IsIdentifier>
                        <SeqNo/>
                        <IsEncrypted>N</IsEncrypted>
                        <AD_Reference_ID reference="id">19</AD_Reference_ID>
                        <IsActive>Y</IsActive>
                        <VFormat/>
                        <Callout/>
                        <AD_Element_ID reference="id">208</AD_Element_ID>
                        <IsUpdateable>Y</IsUpdateable>
                        <AD_Process_ID reference="id"/>
                        <ValueMin/>
                        <ValueMax/>
                        <IsSelectionColumn>N</IsSelectionColumn>
                        <ReadOnlyLogic/>
                        <EntityType>XX</EntityType>
                        <IsAlwaysUpdateable>N</IsAlwaysUpdateable>
                        <ColumnSQL/>
                        <MandatoryLogic/>
                        <IsAutocomplete>N</IsAutocomplete>
                        <IsAllowLogging>Y</IsAllowLogging>
                        <FormatPattern/>
                        <AD_Chart_ID reference="id"/>
                        <AD_Column_UU>2c6e8ded-2909-475f-afa4-261a53d53e02</AD_Column_UU>
                        <IsAllowCopy>Y</IsAllowCopy>
                        <SeqNoSelection/>
                        <IsToolbarButton>N</IsToolbarButton>
                        <IsSecure>N</IsSecure>
                        <FKConstraintName/>
                        <FKConstraintType>N</FKConstraintType>
                        <PA_DashboardContent_ID reference="id"/>
                        <Placeholder/>
                        <IsHtml>N</IsHtml>
                    </AD_Column>
                    <AD_Column type="table">
                        <IsSyncDatabase>Y</IsSyncDatabase>
                        <AD_Table_ID reference="uuid" reference-key="AD_Table">260c99cc-950e-4a30-be1b-40ac83c0b6e8</AD_Table_ID>
                        <AD_Reference_Value_ID reference="id"/>
                        <AD_Client_ID>0</AD_Client_ID>
                        <AD_Org_ID>0</AD_Org_ID>
                        <Version>0.0</Version>
                        <Name>Campaign</Name>
                        <Description>Marketing Campaign</Description>
                        <Help>The Campaign defines a unique marketing program.  Projects can be associated with a pre defined Marketing Campaign.  You can then report based on a specific Campaign.</Help>
                        <AD_Val_Rule_ID reference="id"/>
                        <ColumnName>C_Campaign_ID</ColumnName>
                        <DefaultValue/>
                        <FieldLength>22</FieldLength>
                        <IsKey>N</IsKey>
                        <IsParent>N</IsParent>
                        <IsMandatory>N</IsMandatory>
                        <IsTranslated>N</IsTranslated>
                        <IsIdentifier>N</IsIdentifier>
                        <SeqNo/>
                        <IsEncrypted>N</IsEncrypted>
                        <AD_Reference_ID reference="id">19</AD_Reference_ID>
                        <IsActive>Y</IsActive>
                        <VFormat/>
                        <Callout/>
                        <AD_Element_ID reference="id">550</AD_Element_ID>
                        <IsUpdateable>Y</IsUpdateable>
                        <AD_Process_ID reference="id"/>
                        <ValueMin/>
                        <ValueMax/>
                        <IsSelectionColumn>N</IsSelectionColumn>
                        <ReadOnlyLogic/>
                        <EntityType>XX</EntityType>
                        <IsAlwaysUpdateable>N</IsAlwaysUpdateable>
                        <ColumnSQL/>
                        <MandatoryLogic/>
                        <IsAutocomplete>N</IsAutocomplete>
                        <IsAllowLogging>Y</IsAllowLogging>
                        <FormatPattern/>
                        <AD_Chart_ID reference="id"/>
                        <AD_Column_UU>03fa1f26-37ef-43fa-a30a-820db51aaafb</AD_Column_UU>
                        <IsAllowCopy>Y</IsAllowCopy>
                        <SeqNoSelection/>
                        <IsToolbarButton>N</IsToolbarButton>
                        <IsSecure>N</IsSecure>
                        <FKConstraintName/>
                        <FKConstraintType>N</FKConstraintType>
                        <PA_DashboardContent_ID reference="id"/>
                        <Placeholder/>
                        <IsHtml>N</IsHtml>
                    </AD_Column>
                    <AD_Column type="table">
                        <IsSyncDatabase>Y</IsSyncDatabase>
                        <AD_Table_ID reference="uuid" reference-key="AD_Table">260c99cc-950e-4a30-be1b-40ac83c0b6e8</AD_Table_ID>
                        <AD_Reference_Value_ID reference="id"/>
                        <AD_Client_ID>0</AD_Client_ID>
                        <AD_Org_ID>0</AD_Org_ID>
                        <Version>0.0</Version>
                        <Name>Date Start</Name>
                        <Description>Date Start for this Order</Description>
                        <Help/>
                        <AD_Val_Rule_ID reference="id"/>
                        <ColumnName>DateStart</ColumnName>
                        <DefaultValue/>
                        <FieldLength>29</FieldLength>
                        <IsKey>N</IsKey>
                        <IsParent>N</IsParent>
                        <IsMandatory>N</IsMandatory>
                        <IsTranslated>N</IsTranslated>
                        <IsIdentifier>N</IsIdentifier>
                        <SeqNo/>
                        <IsEncrypted>N</IsEncrypted>
                        <AD_Reference_ID reference="id">16</AD_Reference_ID>
                        <IsActive>Y</IsActive>
                        <VFormat/>
                        <Callout/>
                        <AD_Element_ID reference="id">53280</AD_Element_ID>
                        <IsUpdateable>Y</IsUpdateable>
                        <AD_Process_ID reference="id"/>
                        <ValueMin/>
                        <ValueMax/>
                        <IsSelectionColumn>N</IsSelectionColumn>
                        <ReadOnlyLogic/>
                        <EntityType>XX</EntityType>
                        <IsAlwaysUpdateable>N</IsAlwaysUpdateable>
                        <ColumnSQL/>
                        <MandatoryLogic/>
                        <IsAutocomplete>N</IsAutocomplete>
                        <IsAllowLogging>Y</IsAllowLogging>
                        <FormatPattern/>
                        <AD_Chart_ID reference="id"/>
                        <AD_Column_UU>22a52edc-60a1-46b8-ae7a-43b74899e324</AD_Column_UU>
                        <IsAllowCopy>Y</IsAllowCopy>
                        <SeqNoSelection/>
                        <IsToolbarButton>N</IsToolbarButton>
                        <IsSecure>N</IsSecure>
                        <FKConstraintName/>
                        <FKConstraintType>N</FKConstraintType>
                        <PA_DashboardContent_ID reference="id"/>
                        <Placeholder/>
                        <IsHtml>N</IsHtml>
                    </AD_Column>
                    <AD_Element type="table">
                        <AD_Client_ID>0</AD_Client_ID>
                        <AD_Org_ID>0</AD_Org_ID>
                        <IsActive>Y</IsActive>
                        <ColumnName>DateFinished</ColumnName>
                        <Name>DateFinished</Name>
                        <Description/>
                        <Help/>
                        <PrintName>DateFinished</PrintName>
                        <PO_Description/>
                        <PO_Help/>
                        <PO_Name/>
                        <PO_PrintName/>
                        <EntityType>U</EntityType>
                        <AD_Element_UU>decd9028-88b0-4d52-81a1-5eb407b66d69</AD_Element_UU>
                        <Placeholder/>
                    </AD_Element>
                    <AD_Column type="table">
                        <IsSyncDatabase>Y</IsSyncDatabase>
                        <AD_Table_ID reference="uuid" reference-key="AD_Table">260c99cc-950e-4a30-be1b-40ac83c0b6e8</AD_Table_ID>
                        <AD_Reference_Value_ID reference="id"/>
                        <AD_Client_ID>0</AD_Client_ID>
                        <AD_Org_ID>0</AD_Org_ID>
                        <Version>0.0</Version>
                        <Name>DateFinished</Name>
                        <Description/>
                        <Help/>
                        <AD_Val_Rule_ID reference="id"/>
                        <ColumnName>DateFinished</ColumnName>
                        <DefaultValue/>
                        <FieldLength>22</FieldLength>
                        <IsKey>N</IsKey>
                        <IsParent>N</IsParent>
                        <IsMandatory>N</IsMandatory>
                        <IsTranslated>N</IsTranslated>
                        <IsIdentifier>N</IsIdentifier>
                        <SeqNo/>
                        <IsEncrypted>N</IsEncrypted>
                        <AD_Reference_ID reference="id">10</AD_Reference_ID>
                        <IsActive>Y</IsActive>
                        <VFormat/>
                        <Callout/>
                        <AD_Element_ID reference="uuid" reference-key="AD_Element">decd9028-88b0-4d52-81a1-5eb407b66d69</AD_Element_ID>
                        <IsUpdateable>Y</IsUpdateable>
                        <AD_Process_ID reference="id"/>
                        <ValueMin/>
                        <ValueMax/>
                        <IsSelectionColumn>N</IsSelectionColumn>
                        <ReadOnlyLogic/>
                        <EntityType>XX</EntityType>
                        <IsAlwaysUpdateable>N</IsAlwaysUpdateable>
                        <ColumnSQL/>
                        <MandatoryLogic/>
                        <IsAutocomplete>N</IsAutocomplete>
                        <IsAllowLogging>Y</IsAllowLogging>
                        <FormatPattern/>
                        <AD_Chart_ID reference="id"/>
                        <AD_Column_UU>c9ea9b6c-ee67-49a4-b20c-3b8d20d639eb</AD_Column_UU>
                        <IsAllowCopy>Y</IsAllowCopy>
                        <SeqNoSelection/>
                        <IsToolbarButton>N</IsToolbarButton>
                        <IsSecure>N</IsSecure>
                        <FKConstraintName/>
                        <FKConstraintType>N</FKConstraintType>
                        <PA_DashboardContent_ID reference="id"/>
                        <Placeholder/>
                        <IsHtml>N</IsHtml>
                    </AD_Column>
                </AD_Table>
                <AD_Tab type="table">
                    <AD_Client_ID>0</AD_Client_ID>
                    <AD_Org_ID>0</AD_Org_ID>
                    <Name>Register Events</Name>
                    <Description/>
                    <Help/>
                    <AD_Window_ID reference="uuid" reference-key="AD_Window">5641417b-b271-4e77-a1c5-4d0a0b8a58bb</AD_Window_ID>
                    <SeqNo>10</SeqNo>
                    <IsSingleRow>N</IsSingleRow>
                    <AD_Table_ID reference="uuid" reference-key="AD_Table">260c99cc-950e-4a30-be1b-40ac83c0b6e8</AD_Table_ID>
                    <IsActive>Y</IsActive>
                    <HasTree>N</HasTree>
                    <IsInfoTab>N</IsInfoTab>
                    <IsTranslationTab>N</IsTranslationTab>
                    <IsReadOnly>N</IsReadOnly>
                    <AD_Column_ID reference="id"/>
                    <WhereClause/>
                    <OrderByClause/>
                    <CommitWarning/>
                    <AD_Process_ID reference="id"/>
                    <Processing>N</Processing>
                    <AD_Image_ID reference="id"/>
                    <ImportFields/>
                    <TabLevel>0</TabLevel>
                    <IsSortTab>N</IsSortTab>
                    <AD_ColumnSortYesNo_ID reference="id"/>
                    <AD_ColumnSortOrder_ID reference="id"/>
                    <EntityType>U</EntityType>
                    <Included_Tab_ID reference="id"/>
                    <ReadOnlyLogic/>
                    <DisplayLogic/>
                    <IsInsertRecord>Y</IsInsertRecord>
                    <IsAdvancedTab>N</IsAdvancedTab>
                    <Parent_Column_ID reference="id"/>
                    <AD_Tab_UU>8c464e15-3dd3-4f0d-8f6a-ce6050c5eda2</AD_Tab_UU>
                    <AD_CtxHelp_ID reference="id"/>
                    <TreeDisplayedOn>B</TreeDisplayedOn>
                    <AD_Field type="table">
                        <AD_Client_ID>0</AD_Client_ID>
                        <AD_Org_ID>0</AD_Org_ID>
                        <Name>Client</Name>
                        <Description/>
                        <Help/>
                        <AD_Tab_ID reference="uuid" reference-key="AD_Tab">8c464e15-3dd3-4f0d-8f6a-ce6050c5eda2</AD_Tab_ID>
                        <AD_Column_ID reference="uuid" reference-key="AD_Column">7e19daee-ba24-48f7-a8c5-d23c7db6c153</AD_Column_ID>
                        <IsDisplayed>Y</IsDisplayed>
                        <DisplayLogic/>
                        <DisplayLength>22</DisplayLength>
                        <SeqNo>3</SeqNo>
                        <SortNo/>
                        <IsSameLine>N</IsSameLine>
                        <IsHeading>N</IsHeading>
                        <IsFieldOnly>N</IsFieldOnly>
                        <IsEncrypted>N</IsEncrypted>
                        <IsActive>Y</IsActive>
                        <IsReadOnly>N</IsReadOnly>
                        <IsCentrallyMaintained>N</IsCentrallyMaintained>
                        <AD_FieldGroup_ID reference="id"/>
                        <EntityType>U</EntityType>
                        <ObscureType/>
                        <AD_Reference_ID reference="id"/>
                        <IsMandatory/>
                        <DefaultValue/>
                        <AD_Reference_Value_ID reference="id"/>
                        <AD_Val_Rule_ID reference="id"/>
                        <Included_Tab_ID reference="id"/>
                        <AD_Field_UU>0ee88f5d-32f8-4b1e-93d9-5621f063f069</AD_Field_UU>
                        <IsAllowCopy/>
                        <IsDisplayedGrid>N</IsDisplayedGrid>
                        <SeqNoGrid/>
                        <XPosition>1</XPosition>
                        <ColumnSpan>1</ColumnSpan>
                        <NumLines>1</NumLines>
                        <IsQuickEntry>N</IsQuickEntry>
                        <IsUpdateable/>
                        <IsAlwaysUpdateable/>
                        <MandatoryLogic/>
                        <ReadOnlyLogic/>
                        <IsToolbarButton/>
                        <IsDefaultFocus>N</IsDefaultFocus>
                        <IsAdvancedField>N</IsAdvancedField>
                        <VFormat/>
                        <AD_LabelStyle_ID reference="id"/>
                        <AD_FieldStyle_ID reference="id"/>
                        <Placeholder/>
                    </AD_Field>
                    <AD_Field type="table">
                        <AD_Client_ID>0</AD_Client_ID>
                        <AD_Org_ID>0</AD_Org_ID>
                        <Name>Organization</Name>
                        <Description/>
                        <Help/>
                        <AD_Tab_ID reference="uuid" reference-key="AD_Tab">8c464e15-3dd3-4f0d-8f6a-ce6050c5eda2</AD_Tab_ID>
                        <AD_Column_ID reference="uuid" reference-key="AD_Column">ffc5734f-83ac-454a-8555-a3824e86b956</AD_Column_ID>
                        <IsDisplayed>Y</IsDisplayed>
                        <DisplayLogic/>
                        <DisplayLength>22</DisplayLength>
                        <SeqNo>6</SeqNo>
                        <SortNo/>
                        <IsSameLine>Y</IsSameLine>
                        <IsHeading>N</IsHeading>
                        <IsFieldOnly>N</IsFieldOnly>
                        <IsEncrypted>N</IsEncrypted>
                        <IsActive>Y</IsActive>
                        <IsReadOnly>N</IsReadOnly>
                        <IsCentrallyMaintained>N</IsCentrallyMaintained>
                        <AD_FieldGroup_ID reference="id"/>
                        <EntityType>U</EntityType>
                        <ObscureType/>
                        <AD_Reference_ID reference="id"/>
                        <IsMandatory/>
                        <DefaultValue/>
                        <AD_Reference_Value_ID reference="id"/>
                        <AD_Val_Rule_ID reference="id"/>
                        <Included_Tab_ID reference="id"/>
                        <AD_Field_UU>ff0d3ad0-40ae-43d2-9c54-884be8f7003a</AD_Field_UU>
                        <IsAllowCopy>Y</IsAllowCopy>
                        <IsDisplayedGrid>N</IsDisplayedGrid>
                        <SeqNoGrid/>
                        <XPosition>3</XPosition>
                        <ColumnSpan>1</ColumnSpan>
                        <NumLines>1</NumLines>
                        <IsQuickEntry>N</IsQuickEntry>
                        <IsUpdateable/>
                        <IsAlwaysUpdateable/>
                        <MandatoryLogic/>
                        <ReadOnlyLogic/>
                        <IsToolbarButton/>
                        <IsDefaultFocus>N</IsDefaultFocus>
                        <IsAdvancedField>N</IsAdvancedField>
                        <VFormat/>
                        <AD_LabelStyle_ID reference="id"/>
                        <AD_FieldStyle_ID reference="id"/>
                        <Placeholder/>
                    </AD_Field>
                    <AD_Field type="table">
                        <AD_Client_ID>0</AD_Client_ID>
                        <AD_Org_ID>0</AD_Org_ID>
                        <Name>Campaign</Name>
                        <Description>Marketing Campaign</Description>
                        <Help>The Campaign defines a unique marketing program.  Projects can be associated with a pre defined Marketing Campaign.  You can then report based on a specific Campaign.</Help>
                        <AD_Tab_ID reference="uuid" reference-key="AD_Tab">8c464e15-3dd3-4f0d-8f6a-ce6050c5eda2</AD_Tab_ID>
                        <AD_Column_ID reference="uuid" reference-key="AD_Column">03fa1f26-37ef-43fa-a30a-820db51aaafb</AD_Column_ID>
                        <IsDisplayed>Y</IsDisplayed>
                        <DisplayLogic/>
                        <DisplayLength>22</DisplayLength>
                        <SeqNo>10</SeqNo>
                        <SortNo/>
                        <IsSameLine>N</IsSameLine>
                        <IsHeading>N</IsHeading>
                        <IsFieldOnly>N</IsFieldOnly>
                        <IsEncrypted>N</IsEncrypted>
                        <IsActive>Y</IsActive>
                        <IsReadOnly>N</IsReadOnly>
                        <IsCentrallyMaintained>N</IsCentrallyMaintained>
                        <AD_FieldGroup_ID reference="id"/>
                        <EntityType>XX</EntityType>
                        <ObscureType/>
                        <AD_Reference_ID reference="id"/>
                        <IsMandatory/>
                        <DefaultValue/>
                        <AD_Reference_Value_ID reference="id"/>
                        <AD_Val_Rule_ID reference="id"/>
                        <Included_Tab_ID reference="id"/>
                        <AD_Field_UU>f1ea0f41-36bb-4cb7-b295-cc98f683588c</AD_Field_UU>
                        <IsAllowCopy/>
                        <IsDisplayedGrid>Y</IsDisplayedGrid>
                        <SeqNoGrid/>
                        <XPosition>1</XPosition>
                        <ColumnSpan>1</ColumnSpan>
                        <NumLines>1</NumLines>
                        <IsQuickEntry>N</IsQuickEntry>
                        <IsUpdateable/>
                        <IsAlwaysUpdateable/>
                        <MandatoryLogic/>
                        <ReadOnlyLogic/>
                        <IsToolbarButton/>
                        <IsDefaultFocus>N</IsDefaultFocus>
                        <IsAdvancedField>N</IsAdvancedField>
                        <VFormat/>
                        <AD_LabelStyle_ID reference="id"/>
                        <AD_FieldStyle_ID reference="id"/>
                        <Placeholder/>
                    </AD_Field>
                    <AD_Field type="table">
                        <AD_Client_ID>0</AD_Client_ID>
                        <AD_Org_ID>0</AD_Org_ID>
                        <Name>Date Finished</Name>
                        <Description/>
                        <Help/>
                        <AD_Tab_ID reference="uuid" reference-key="AD_Tab">8c464e15-3dd3-4f0d-8f6a-ce6050c5eda2</AD_Tab_ID>
                        <AD_Column_ID reference="uuid" reference-key="AD_Column">c9ea9b6c-ee67-49a4-b20c-3b8d20d639eb</AD_Column_ID>
                        <IsDisplayed>Y</IsDisplayed>
                        <DisplayLogic/>
                        <DisplayLength>22</DisplayLength>
                        <SeqNo>10</SeqNo>
                        <SortNo/>
                        <IsSameLine>N</IsSameLine>
                        <IsHeading>N</IsHeading>
                        <IsFieldOnly>N</IsFieldOnly>
                        <IsEncrypted>N</IsEncrypted>
                        <IsActive>Y</IsActive>
                        <IsReadOnly>N</IsReadOnly>
                        <IsCentrallyMaintained>N</IsCentrallyMaintained>
                        <AD_FieldGroup_ID reference="id"/>
                        <EntityType>XX</EntityType>
                        <ObscureType/>
                        <AD_Reference_ID reference="id"/>
                        <IsMandatory/>
                        <DefaultValue/>
                        <AD_Reference_Value_ID reference="id"/>
                        <AD_Val_Rule_ID reference="id"/>
                        <Included_Tab_ID reference="id"/>
                        <AD_Field_UU>378ea827-1d50-4e21-b715-37995278e32d</AD_Field_UU>
                        <IsAllowCopy/>
                        <IsDisplayedGrid>Y</IsDisplayedGrid>
                        <SeqNoGrid/>
                        <XPosition>3</XPosition>
                        <ColumnSpan>1</ColumnSpan>
                        <NumLines>1</NumLines>
                        <IsQuickEntry>N</IsQuickEntry>
                        <IsUpdateable/>
                        <IsAlwaysUpdateable/>
                        <MandatoryLogic/>
                        <ReadOnlyLogic/>
                        <IsToolbarButton/>
                        <IsDefaultFocus>N</IsDefaultFocus>
                        <IsAdvancedField>N</IsAdvancedField>
                        <VFormat/>
                        <AD_LabelStyle_ID reference="id"/>
                        <AD_FieldStyle_ID reference="id"/>
                        <Placeholder/>
                    </AD_Field>
                    <AD_Field type="table">
                        <AD_Client_ID>0</AD_Client_ID>
                        <AD_Org_ID>0</AD_Org_ID>
                        <Name>Date Start</Name>
                        <Description>Date Start for this Order</Description>
                        <Help/>
                        <AD_Tab_ID reference="uuid" reference-key="AD_Tab">8c464e15-3dd3-4f0d-8f6a-ce6050c5eda2</AD_Tab_ID>
                        <AD_Column_ID reference="uuid" reference-key="AD_Column">22a52edc-60a1-46b8-ae7a-43b74899e324</AD_Column_ID>
                        <IsDisplayed>Y</IsDisplayed>
                        <DisplayLogic/>
                        <DisplayLength>29</DisplayLength>
                        <SeqNo>10</SeqNo>
                        <SortNo/>
                        <IsSameLine>N</IsSameLine>
                        <IsHeading>N</IsHeading>
                        <IsFieldOnly>N</IsFieldOnly>
                        <IsEncrypted>N</IsEncrypted>
                        <IsActive>Y</IsActive>
                        <IsReadOnly>N</IsReadOnly>
                        <IsCentrallyMaintained>N</IsCentrallyMaintained>
                        <AD_FieldGroup_ID reference="id"/>
                        <EntityType>XX</EntityType>
                        <ObscureType/>
                        <AD_Reference_ID reference="id"/>
                        <IsMandatory/>
                        <DefaultValue/>
                        <AD_Reference_Value_ID reference="id"/>
                        <AD_Val_Rule_ID reference="id"/>
                        <Included_Tab_ID reference="id"/>
                        <AD_Field_UU>eb4a44c3-37a6-494d-af44-d361b7efe0ad</AD_Field_UU>
                        <IsAllowCopy/>
                        <IsDisplayedGrid>Y</IsDisplayedGrid>
                        <SeqNoGrid/>
                        <XPosition>1</XPosition>
                        <ColumnSpan>1</ColumnSpan>
                        <NumLines>1</NumLines>
                        <IsQuickEntry>N</IsQuickEntry>
                        <IsUpdateable/>
                        <IsAlwaysUpdateable/>
                        <MandatoryLogic/>
                        <ReadOnlyLogic/>
                        <IsToolbarButton/>
                        <IsDefaultFocus>N</IsDefaultFocus>
                        <IsAdvancedField>N</IsAdvancedField>
                        <VFormat/>
                        <AD_LabelStyle_ID reference="id"/>
                        <AD_FieldStyle_ID reference="id"/>
                        <Placeholder/>
                    </AD_Field>
                    <AD_Field type="table">
                        <AD_Client_ID>0</AD_Client_ID>
                        <AD_Org_ID>0</AD_Org_ID>
                        <Name>Description</Name>
                        <Description>Optional short description of the record</Description>
                        <Help>A description is limited to 255 characters.</Help>
                        <AD_Tab_ID reference="uuid" reference-key="AD_Tab">8c464e15-3dd3-4f0d-8f6a-ce6050c5eda2</AD_Tab_ID>
                        <AD_Column_ID reference="uuid" reference-key="AD_Column">14374661-10c1-4076-8e54-b7b281b0a4dc</AD_Column_ID>
                        <IsDisplayed>Y</IsDisplayed>
                        <DisplayLogic/>
                        <DisplayLength>255</DisplayLength>
                        <SeqNo>10</SeqNo>
                        <SortNo/>
                        <IsSameLine>N</IsSameLine>
                        <IsHeading>N</IsHeading>
                        <IsFieldOnly>N</IsFieldOnly>
                        <IsEncrypted>N</IsEncrypted>
                        <IsActive>Y</IsActive>
                        <IsReadOnly>N</IsReadOnly>
                        <IsCentrallyMaintained>N</IsCentrallyMaintained>
                        <AD_FieldGroup_ID reference="id"/>
                        <EntityType>XX</EntityType>
                        <ObscureType/>
                        <AD_Reference_ID reference="id"/>
                        <IsMandatory/>
                        <DefaultValue/>
                        <AD_Reference_Value_ID reference="id"/>
                        <AD_Val_Rule_ID reference="id"/>
                        <Included_Tab_ID reference="id"/>
                        <AD_Field_UU>45e127ec-bdd7-4dc5-ab45-b6c02648f901</AD_Field_UU>
                        <IsAllowCopy/>
                        <IsDisplayedGrid>Y</IsDisplayedGrid>
                        <SeqNoGrid/>
                        <XPosition>3</XPosition>
                        <ColumnSpan>1</ColumnSpan>
                        <NumLines>1</NumLines>
                        <IsQuickEntry>N</IsQuickEntry>
                        <IsUpdateable/>
                        <IsAlwaysUpdateable/>
                        <MandatoryLogic/>
                        <ReadOnlyLogic/>
                        <IsToolbarButton/>
                        <IsDefaultFocus>N</IsDefaultFocus>
                        <IsAdvancedField>N</IsAdvancedField>
                        <VFormat/>
                        <AD_LabelStyle_ID reference="id"/>
                        <AD_FieldStyle_ID reference="id"/>
                        <Placeholder/>
                    </AD_Field>
                    <AD_Field type="table">
                        <AD_Client_ID>0</AD_Client_ID>
                        <AD_Org_ID>0</AD_Org_ID>
                        <Name>Document Status</Name>
                        <Description>The current status of the document</Description>
                        <Help>The Document Status indicates the status of a document at this time.  If you want to change the document status, use the Document Action field</Help>
                        <AD_Tab_ID reference="uuid" reference-key="AD_Tab">8c464e15-3dd3-4f0d-8f6a-ce6050c5eda2</AD_Tab_ID>
                        <AD_Column_ID reference="uuid" reference-key="AD_Column">bb729670-3b81-4571-b014-55e418f4b6ba</AD_Column_ID>
                        <IsDisplayed>Y</IsDisplayed>
                        <DisplayLogic/>
                        <DisplayLength>2</DisplayLength>
                        <SeqNo>10</SeqNo>
                        <SortNo/>
                        <IsSameLine>N</IsSameLine>
                        <IsHeading>N</IsHeading>
                        <IsFieldOnly>N</IsFieldOnly>
                        <IsEncrypted>N</IsEncrypted>
                        <IsActive>Y</IsActive>
                        <IsReadOnly>N</IsReadOnly>
                        <IsCentrallyMaintained>N</IsCentrallyMaintained>
                        <AD_FieldGroup_ID reference="id"/>
                        <EntityType>XX</EntityType>
                        <ObscureType/>
                        <AD_Reference_ID reference="id"/>
                        <IsMandatory/>
                        <DefaultValue/>
                        <AD_Reference_Value_ID reference="id"/>
                        <AD_Val_Rule_ID reference="id"/>
                        <Included_Tab_ID reference="id"/>
                        <AD_Field_UU>cbf5ec0b-6810-4583-842e-51046f8b0ec1</AD_Field_UU>
                        <IsAllowCopy/>
                        <IsDisplayedGrid>Y</IsDisplayedGrid>
                        <SeqNoGrid/>
                        <XPosition>1</XPosition>
                        <ColumnSpan>1</ColumnSpan>
                        <NumLines>1</NumLines>
                        <IsQuickEntry>N</IsQuickEntry>
                        <IsUpdateable/>
                        <IsAlwaysUpdateable/>
                        <MandatoryLogic/>
                        <ReadOnlyLogic/>
                        <IsToolbarButton/>
                        <IsDefaultFocus>N</IsDefaultFocus>
                        <IsAdvancedField>N</IsAdvancedField>
                        <VFormat/>
                        <AD_LabelStyle_ID reference="id"/>
                        <AD_FieldStyle_ID reference="id"/>
                        <Placeholder/>
                    </AD_Field>
                    <AD_Field type="table">
                        <AD_Client_ID>0</AD_Client_ID>
                        <AD_Org_ID>0</AD_Org_ID>
                        <Name>Document Type</Name>
                        <Description>Document type or rules</Description>
                        <Help>The Document Type determines document sequence and processing rules</Help>
                        <AD_Tab_ID reference="uuid" reference-key="AD_Tab">8c464e15-3dd3-4f0d-8f6a-ce6050c5eda2</AD_Tab_ID>
                        <AD_Column_ID reference="uuid" reference-key="AD_Column">8df52c26-728a-464b-b15d-ca69e04ca080</AD_Column_ID>
                        <IsDisplayed>Y</IsDisplayed>
                        <DisplayLogic/>
                        <DisplayLength>22</DisplayLength>
                        <SeqNo>10</SeqNo>
                        <SortNo/>
                        <IsSameLine>N</IsSameLine>
                        <IsHeading>N</IsHeading>
                        <IsFieldOnly>N</IsFieldOnly>
                        <IsEncrypted>N</IsEncrypted>
                        <IsActive>Y</IsActive>
                        <IsReadOnly>N</IsReadOnly>
                        <IsCentrallyMaintained>N</IsCentrallyMaintained>
                        <AD_FieldGroup_ID reference="id"/>
                        <EntityType>XX</EntityType>
                        <ObscureType/>
                        <AD_Reference_ID reference="id"/>
                        <IsMandatory/>
                        <DefaultValue/>
                        <AD_Reference_Value_ID reference="id"/>
                        <AD_Val_Rule_ID reference="id"/>
                        <Included_Tab_ID reference="id"/>
                        <AD_Field_UU>7dd96f36-40b4-4dca-b468-806bba595008</AD_Field_UU>
                        <IsAllowCopy/>
                        <IsDisplayedGrid>Y</IsDisplayedGrid>
                        <SeqNoGrid/>
                        <XPosition>3</XPosition>
                        <ColumnSpan>1</ColumnSpan>
                        <NumLines>1</NumLines>
                        <IsQuickEntry>N</IsQuickEntry>
                        <IsUpdateable/>
                        <IsAlwaysUpdateable/>
                        <MandatoryLogic/>
                        <ReadOnlyLogic/>
                        <IsToolbarButton/>
                        <IsDefaultFocus>N</IsDefaultFocus>
                        <IsAdvancedField>N</IsAdvancedField>
                        <VFormat/>
                        <AD_LabelStyle_ID reference="id"/>
                        <AD_FieldStyle_ID reference="id"/>
                        <Placeholder/>
                    </AD_Field>
                    <AD_Field type="table">
                        <AD_Client_ID>0</AD_Client_ID>
                        <AD_Org_ID>0</AD_Org_ID>
                        <Name>Processed</Name>
                        <Description>The document has been processed</Description>
                        <Help>The Processed checkbox indicates that a document has been processed.</Help>
                        <AD_Tab_ID reference="uuid" reference-key="AD_Tab">8c464e15-3dd3-4f0d-8f6a-ce6050c5eda2</AD_Tab_ID>
                        <AD_Column_ID reference="uuid" reference-key="AD_Column">ef5369b1-ee99-4fc5-bad1-fc7b0c3520cc</AD_Column_ID>
                        <IsDisplayed>Y</IsDisplayed>
                        <DisplayLogic/>
                        <DisplayLength>1</DisplayLength>
                        <SeqNo>10</SeqNo>
                        <SortNo/>
                        <IsSameLine>N</IsSameLine>
                        <IsHeading>N</IsHeading>
                        <IsFieldOnly>N</IsFieldOnly>
                        <IsEncrypted>N</IsEncrypted>
                        <IsActive>Y</IsActive>
                        <IsReadOnly>N</IsReadOnly>
                        <IsCentrallyMaintained>N</IsCentrallyMaintained>
                        <AD_FieldGroup_ID reference="id"/>
                        <EntityType>XX</EntityType>
                        <ObscureType/>
                        <AD_Reference_ID reference="id"/>
                        <IsMandatory/>
                        <DefaultValue/>
                        <AD_Reference_Value_ID reference="id"/>
                        <AD_Val_Rule_ID reference="id"/>
                        <Included_Tab_ID reference="id"/>
                        <AD_Field_UU>b790418b-1c6f-4f39-a1d7-eee58f323380</AD_Field_UU>
                        <IsAllowCopy/>
                        <IsDisplayedGrid>Y</IsDisplayedGrid>
                        <SeqNoGrid/>
                        <XPosition>1</XPosition>
                        <ColumnSpan>1</ColumnSpan>
                        <NumLines>1</NumLines>
                        <IsQuickEntry>N</IsQuickEntry>
                        <IsUpdateable/>
                        <IsAlwaysUpdateable/>
                        <MandatoryLogic/>
                        <ReadOnlyLogic/>
                        <IsToolbarButton/>
                        <IsDefaultFocus>N</IsDefaultFocus>
                        <IsAdvancedField>N</IsAdvancedField>
                        <VFormat/>
                        <AD_LabelStyle_ID reference="id"/>
                        <AD_FieldStyle_ID reference="id"/>
                        <Placeholder/>
                    </AD_Field>
                    <AD_Field type="table">
                        <AD_Client_ID>0</AD_Client_ID>
                        <AD_Org_ID>0</AD_Org_ID>
                        <Name>Project</Name>
                        <Description>Financial Project</Description>
                        <Help>A Project allows you to track and control internal or external activities.</Help>
                        <AD_Tab_ID reference="uuid" reference-key="AD_Tab">8c464e15-3dd3-4f0d-8f6a-ce6050c5eda2</AD_Tab_ID>
                        <AD_Column_ID reference="uuid" reference-key="AD_Column">2c6e8ded-2909-475f-afa4-261a53d53e02</AD_Column_ID>
                        <IsDisplayed>Y</IsDisplayed>
                        <DisplayLogic/>
                        <DisplayLength>10</DisplayLength>
                        <SeqNo>10</SeqNo>
                        <SortNo/>
                        <IsSameLine>N</IsSameLine>
                        <IsHeading>N</IsHeading>
                        <IsFieldOnly>N</IsFieldOnly>
                        <IsEncrypted>N</IsEncrypted>
                        <IsActive>Y</IsActive>
                        <IsReadOnly>N</IsReadOnly>
                        <IsCentrallyMaintained>N</IsCentrallyMaintained>
                        <AD_FieldGroup_ID reference="id"/>
                        <EntityType>XX</EntityType>
                        <ObscureType/>
                        <AD_Reference_ID reference="id"/>
                        <IsMandatory/>
                        <DefaultValue/>
                        <AD_Reference_Value_ID reference="id"/>
                        <AD_Val_Rule_ID reference="id"/>
                        <Included_Tab_ID reference="id"/>
                        <AD_Field_UU>2234d1c2-3937-4775-ba75-fac040dc329b</AD_Field_UU>
                        <IsAllowCopy/>
                        <IsDisplayedGrid>Y</IsDisplayedGrid>
                        <SeqNoGrid/>
                        <XPosition>3</XPosition>
                        <ColumnSpan>1</ColumnSpan>
                        <NumLines>1</NumLines>
                        <IsQuickEntry>N</IsQuickEntry>
                        <IsUpdateable/>
                        <IsAlwaysUpdateable/>
                        <MandatoryLogic/>
                        <ReadOnlyLogic/>
                        <IsToolbarButton/>
                        <IsDefaultFocus>N</IsDefaultFocus>
                        <IsAdvancedField>N</IsAdvancedField>
                        <VFormat/>
                        <AD_LabelStyle_ID reference="id"/>
                        <AD_FieldStyle_ID reference="id"/>
                        <Placeholder/>
                    </AD_Field>
                    <AD_Field type="table">
                        <AD_Client_ID>0</AD_Client_ID>
                        <AD_Org_ID>0</AD_Org_ID>
                        <Name>Register Events</Name>
                        <Description/>
                        <Help/>
                        <AD_Tab_ID reference="uuid" reference-key="AD_Tab">8c464e15-3dd3-4f0d-8f6a-ce6050c5eda2</AD_Tab_ID>
                        <AD_Column_ID reference="uuid" reference-key="AD_Column">a83ce6c3-2a97-4e19-967e-987f275d026f</AD_Column_ID>
                        <IsDisplayed>N</IsDisplayed>
                        <DisplayLogic/>
                        <DisplayLength>22</DisplayLength>
                        <SeqNo>10</SeqNo>
                        <SortNo/>
                        <IsSameLine>N</IsSameLine>
                        <IsHeading>N</IsHeading>
                        <IsFieldOnly>N</IsFieldOnly>
                        <IsEncrypted>N</IsEncrypted>
                        <IsActive>Y</IsActive>
                        <IsReadOnly>N</IsReadOnly>
                        <IsCentrallyMaintained>N</IsCentrallyMaintained>
                        <AD_FieldGroup_ID reference="id"/>
                        <EntityType>XX</EntityType>
                        <ObscureType/>
                        <AD_Reference_ID reference="id"/>
                        <IsMandatory/>
                        <DefaultValue/>
                        <AD_Reference_Value_ID reference="id"/>
                        <AD_Val_Rule_ID reference="id"/>
                        <Included_Tab_ID reference="id"/>
                        <AD_Field_UU>5fd5db2e-dde8-49e6-9d3d-2f10881178d8</AD_Field_UU>
                        <IsAllowCopy/>
                        <IsDisplayedGrid>N</IsDisplayedGrid>
                        <SeqNoGrid/>
                        <XPosition>1</XPosition>
                        <ColumnSpan>1</ColumnSpan>
                        <NumLines>1</NumLines>
                        <IsQuickEntry>N</IsQuickEntry>
                        <IsUpdateable/>
                        <IsAlwaysUpdateable/>
                        <MandatoryLogic/>
                        <ReadOnlyLogic/>
                        <IsToolbarButton/>
                        <IsDefaultFocus>N</IsDefaultFocus>
                        <IsAdvancedField>N</IsAdvancedField>
                        <VFormat/>
                        <AD_LabelStyle_ID reference="id"/>
                        <AD_FieldStyle_ID reference="id"/>
                        <Placeholder/>
                    </AD_Field>
                    <AD_Field type="table">
                        <AD_Client_ID>0</AD_Client_ID>
                        <AD_Org_ID>0</AD_Org_ID>
                        <Name>Active</Name>
                        <Description/>
                        <Help/>
                        <AD_Tab_ID reference="uuid" reference-key="AD_Tab">8c464e15-3dd3-4f0d-8f6a-ce6050c5eda2</AD_Tab_ID>
                        <AD_Column_ID reference="uuid" reference-key="AD_Column">72236b92-3fda-43a3-89e9-3187c540de27</AD_Column_ID>
                        <IsDisplayed>Y</IsDisplayed>
                        <DisplayLogic/>
                        <DisplayLength>1</DisplayLength>
                        <SeqNo>10</SeqNo>
                        <SortNo/>
                        <IsSameLine>N</IsSameLine>
                        <IsHeading>N</IsHeading>
                        <IsFieldOnly>N</IsFieldOnly>
                        <IsEncrypted>N</IsEncrypted>
                        <IsActive>Y</IsActive>
                        <IsReadOnly>N</IsReadOnly>
                        <IsCentrallyMaintained>N</IsCentrallyMaintained>
                        <AD_FieldGroup_ID reference="id"/>
                        <EntityType>U</EntityType>
                        <ObscureType/>
                        <AD_Reference_ID reference="id"/>
                        <IsMandatory/>
                        <DefaultValue/>
                        <AD_Reference_Value_ID reference="id"/>
                        <AD_Val_Rule_ID reference="id"/>
                        <Included_Tab_ID reference="id"/>
                        <AD_Field_UU>2f4fb106-1dd4-48a0-81dc-c148d2392372</AD_Field_UU>
                        <IsAllowCopy/>
                        <IsDisplayedGrid>Y</IsDisplayedGrid>
                        <SeqNoGrid/>
                        <XPosition>1</XPosition>
                        <ColumnSpan>1</ColumnSpan>
                        <NumLines>1</NumLines>
                        <IsQuickEntry>N</IsQuickEntry>
                        <IsUpdateable/>
                        <IsAlwaysUpdateable/>
                        <MandatoryLogic/>
                        <ReadOnlyLogic/>
                        <IsToolbarButton/>
                        <IsDefaultFocus>N</IsDefaultFocus>
                        <IsAdvancedField>N</IsAdvancedField>
                        <VFormat/>
                        <AD_LabelStyle_ID reference="id"/>
                        <AD_FieldStyle_ID reference="id"/>
                        <Placeholder/>
                    </AD_Field>
                    <AD_Field type="table">
                        <AD_Client_ID>0</AD_Client_ID>
                        <AD_Org_ID>0</AD_Org_ID>
                        <Name>Table</Name>
                        <Description>Database Table information</Description>
                        <Help>The Database Table provides the information of the table definition</Help>
                        <AD_Tab_ID reference="uuid" reference-key="AD_Tab">8c464e15-3dd3-4f0d-8f6a-ce6050c5eda2</AD_Tab_ID>
                        <AD_Column_ID reference="uuid" reference-key="AD_Column">ab0a9bef-5c25-4dc6-a149-a6f443d41e68</AD_Column_ID>
                        <IsDisplayed>Y</IsDisplayed>
                        <DisplayLogic/>
                        <DisplayLength>10</DisplayLength>
                        <SeqNo>10</SeqNo>
                        <SortNo/>
                        <IsSameLine>N</IsSameLine>
                        <IsHeading>N</IsHeading>
                        <IsFieldOnly>N</IsFieldOnly>
                        <IsEncrypted>N</IsEncrypted>
                        <IsActive>Y</IsActive>
                        <IsReadOnly>N</IsReadOnly>
                        <IsCentrallyMaintained>N</IsCentrallyMaintained>
                        <AD_FieldGroup_ID reference="id"/>
                        <EntityType>XX</EntityType>
                        <ObscureType/>
                        <AD_Reference_ID reference="id"/>
                        <IsMandatory/>
                        <DefaultValue/>
                        <AD_Reference_Value_ID reference="id"/>
                        <AD_Val_Rule_ID reference="id"/>
                        <Included_Tab_ID reference="id"/>
                        <AD_Field_UU>37344403-f803-4594-8f06-a8902162daa8</AD_Field_UU>
                        <IsAllowCopy/>
                        <IsDisplayedGrid>Y</IsDisplayedGrid>
                        <SeqNoGrid/>
                        <XPosition>3</XPosition>
                        <ColumnSpan>1</ColumnSpan>
                        <NumLines>1</NumLines>
                        <IsQuickEntry>N</IsQuickEntry>
                        <IsUpdateable/>
                        <IsAlwaysUpdateable/>
                        <MandatoryLogic/>
                        <ReadOnlyLogic/>
                        <IsToolbarButton/>
                        <IsDefaultFocus>N</IsDefaultFocus>
                        <IsAdvancedField>N</IsAdvancedField>
                        <VFormat/>
                        <AD_LabelStyle_ID reference="id"/>
                        <AD_FieldStyle_ID reference="id"/>
                        <Placeholder/>
                    </AD_Field>
                    <AD_Field type="table">
                        <AD_Client_ID>0</AD_Client_ID>
                        <AD_Org_ID>0</AD_Org_ID>
                        <Name>Business Partner</Name>
                        <Description>Identifies a Business Partner</Description>
                        <Help>A Business Partner is anyone with whom you transact.  This can include Vendor, Customer, Employee or Salesperson</Help>
                        <AD_Tab_ID reference="uuid" reference-key="AD_Tab">8c464e15-3dd3-4f0d-8f6a-ce6050c5eda2</AD_Tab_ID>
                        <AD_Column_ID reference="uuid" reference-key="AD_Column">834c542a-19f2-4782-8959-5470a7c30b91</AD_Column_ID>
                        <IsDisplayed>Y</IsDisplayed>
                        <DisplayLogic/>
                        <DisplayLength>22</DisplayLength>
                        <SeqNo>10</SeqNo>
                        <SortNo/>
                        <IsSameLine>N</IsSameLine>
                        <IsHeading>N</IsHeading>
                        <IsFieldOnly>N</IsFieldOnly>
                        <IsEncrypted>N</IsEncrypted>
                        <IsActive>Y</IsActive>
                        <IsReadOnly>N</IsReadOnly>
                        <IsCentrallyMaintained>N</IsCentrallyMaintained>
                        <AD_FieldGroup_ID reference="id"/>
                        <EntityType>XX</EntityType>
                        <ObscureType/>
                        <AD_Reference_ID reference="id"/>
                        <IsMandatory/>
                        <DefaultValue/>
                        <AD_Reference_Value_ID reference="id"/>
                        <AD_Val_Rule_ID reference="id"/>
                        <Included_Tab_ID reference="id"/>
                        <AD_Field_UU>d197a4f0-6f2c-4536-8e8b-a27c4dd6fb5b</AD_Field_UU>
                        <IsAllowCopy/>
                        <IsDisplayedGrid>Y</IsDisplayedGrid>
                        <SeqNoGrid/>
                        <XPosition>3</XPosition>
                        <ColumnSpan>1</ColumnSpan>
                        <NumLines>1</NumLines>
                        <IsQuickEntry>N</IsQuickEntry>
                        <IsUpdateable/>
                        <IsAlwaysUpdateable/>
                        <MandatoryLogic/>
                        <ReadOnlyLogic/>
                        <IsToolbarButton/>
                        <IsDefaultFocus>N</IsDefaultFocus>
                        <IsAdvancedField>N</IsAdvancedField>
                        <VFormat/>
                        <AD_LabelStyle_ID reference="id"/>
                        <AD_FieldStyle_ID reference="id"/>
                        <Placeholder/>
                    </AD_Field>
                </AD_Tab>
            </AD_Window>
        </AD_Menu>
    </AD_Menu>
</idempiere>
